Link Name,Center of Mass X,Center of Mass Y,Center of Mass Z,Center of Mass Roll,Center of Mass Pitch,Center of Mass Yaw,Mass,Moment Ixx,Moment Ixy,Moment Ixz,Moment Iyy,Moment Iyz,Moment Izz,Visual X,Visual Y,Visual Z,Visual Roll,Visual Pitch,Visual Yaw,Mesh Filename,Color Red,Color Green,Color Blue,Color Alpha,Collision X,Collision Y,Collision Z,Collision Roll,Collision Pitch,Collision Yaw,Collision Mesh Filename,Material Name,SW Components,Coordinate System,Axis Name,Joint Name,Joint Type,Joint Origin X,Joint Origin Y,Joint Origin Z,Joint Origin Roll,Joint Origin Pitch,Joint Origin Yaw,Parent,Joint Axis X,Joint Axis Y,Joint Axis Z,Limit Effort,Limit Velocity,Limit Lower,Limit Upper,Calibration rising,Calibration falling,Dynamics Damping,Dynamics Friction,Safety Soft Upper,Safety Soft Lower,Safety K Position,Safety K Velocity
trunk_base,-0.012475,-1.1962E-05,-0.022103,0,0,0,0.16036,6.8709E-05,-1.6075E-08,-9.8977E-07,6.1605E-05,-6.2033E-08,3.5794E-05,0,0,0,0,0,0,package://xgoduck_v2/meshes/trunk_base.STL,1,1,1,1,0,0,0,0,0,0,package://xgoduck_v2/meshes/trunk_base.STL,,胯yaw底部支撑-1;轴承16_22_4-8;body_shell_right-1;body_shell_left-1;2915-2;2915-1;body-1;轴承16_22_4-1;背部-1,基座,,,,0,0,0,0,0,0,,0,0,0,,,,,,,,,,,,
left_hip_yaw,-1.0689E-10,-0.00010485,0.018887,0,0,0,0.021155,2.9454E-06,1.4593E-14,7.2085E-15,2.6067E-06,1.186E-07,1.8607E-06,0,0,0,0,0,0,package://xgoduck_v2/meshes/left_hip_yaw.STL,1,1,1,1,0,0,0,0,0,0,package://xgoduck_v2/meshes/left_hip_yaw.STL,,yaw连接-1;2915-4;yaw_x盖板-1;轴承16_22_4-2,坐标系1,基准轴1,left_hip_yaw_joint,revolute,0.02,0.0175,-0.026,3.1416,0,-1.5708,trunk_base,0,0,-1,0,0,0,0,,,,,,,,
left_hip_roll,8.6736E-18,0.012268,-0.0041364,0,0,0,0.0058747,9.0419E-07,8.8421E-23,-1.5168E-22,6.5566E-07,-2.8727E-07,5.9181E-07,0,0,0,0,0,0,package://xgoduck_v2/meshes/left_hip_roll.STL,1,1,1,1,0,0,0,0,0,0,package://xgoduck_v2/meshes/left_hip_roll.STL,,L形-1;轴承16_22_4-3,坐标系2,基准轴2,left_hip_roll_joint,revolute,0,-0.0145,0.0145,1.5708,-1.5708,0,left_hip_yaw,0,0,-1,0,0,0,0,,,,,,,,
left_hip_pitch,0.022799,0.0061554,0.015683,0,0,0,0.041434,5.3588E-06,2.637E-07,-7.9553E-08,6.4838E-06,-3.5277E-07,7.625E-06,0,0,0,0,0,0,package://xgoduck_v2/meshes/left_hip_pitch.STL,1,1,1,1,0,0,0,0,0,0,package://xgoduck_v2/meshes/left_hip_pitch.STL,,2915-5;大腿支撑-1;大腿盖板镜像-1;2915-6;轴承16_22_4-4,坐标系3,基准轴3,left_hip_pitch_joint,revolute,0,0.0225,-0.0165,-1.5708,1.0191,0,left_hip_roll,0,0,-1,0,0,0,0,,,,,,,,
left_knee,0.030928,7.8063E-18,-0.0067903,0,0,0,0.020421,1.4159E-06,-1.3799E-22,-3.3287E-08,3.2386E-06,-9.3176E-23,3.1061E-06,0,0,0,0,0,0,package://xgoduck_v2/meshes/left_knee.STL,1,1,1,1,0,0,0,0,0,0,package://xgoduck_v2/meshes/left_knee.STL,,小腿-1;2915无副舵盘-1;轴承10_15_3-1,坐标系4,基准轴4,left_knee_joint,revolute,0.041977,0,0,3.1416,0,-1.0191,left_hip_pitch,0,0,-1,0,0,0,0,,,,,,,,
left_ankle,0.01477,-0.0075922,-0.01564,0,0,0,0.02929,1.1507E-05,-1.8418E-08,-2.8828E-07,4.9901E-06,2.9532E-08,8.226E-06,0,0,0,0,0,0,package://xgoduck_v2/meshes/left_ankle.STL,1,1,1,1,0,0,0,0,0,0,package://xgoduck_v2/meshes/left_ankle.STL,,foot-1,坐标系5,基准轴5,left_ankle_joint,revolute,0.042,0,-0.024,-3.1416,0,0,left_knee,0,0,1,0,0,0,0,,,,,,,,
neck_pitch,0.025,5.1348E-16,0.014348,0,0,0,0.033216,2.769E-06,-4.4601E-22,-7.2538E-23,4.7949E-06,4.0695E-23,4.1332E-06,0,0,0,0,0,0,package://xgoduck_v2/meshes/neck_pitch.STL,1,1,1,1,0,0,0,0,0,0,package://xgoduck_v2/meshes/neck_pitch.STL,,2915-3;neck-1;neck-2;2915-11,坐标系11,基准轴11,neck_pitch_joint,revolute,0.041,0.0145,0.0095,1.5708,-1.5708,0,trunk_base,0,0,-1,0,0,0,0,,,,,,,,
head_pitch,1.9859E-10,-0.0093372,-0.0145,0,0,0,0.0040048,8.6864E-07,-1.3134E-13,8.8047E-14,7.6597E-07,-2.3677E-15,3.3537E-07,0,0,0,0,0,0,package://xgoduck_v2/meshes/head_pitch.STL,1,1,1,1,0,0,0,0,0,0,package://xgoduck_v2/meshes/head_pitch.STL,,head_pit-1,坐标系12,基准轴12,head_pitch_joint,revolute,0.05,0,0,3.1416,0,-1.5708,neck_pitch,0,0,1,0,0,0,0,,,,,,,,
head_yaw,0.0059166,-0.00040642,0.01546,0,0,0,0.021631,2.2178E-06,4.837E-08,8.7659E-08,3.019E-06,3.4639E-08,3.019E-06,0,0,0,0,0,0,package://xgoduck_v2/meshes/head_yaw.STL,1,1,1,1,0,0,0,0,0,0,package://xgoduck_v2/meshes/head_yaw.STL,,2915-12;head_yaw-1;轴承16_22_4-9;轴承16_22_4-10,坐标系13,基准轴13,head_yaw_joint,revolute,0,-0.01925,-0.0145,1.5708,1.5708,0,head_pitch,0,0,1,0,0,0,0,,,,,,,,
head_roll,-0.0012631,0.0023517,-0.02251,0,0,0,0.14907,0.00013094,8.2329E-07,3.0114E-06,0.0002018,-7.5059E-06,9.1855E-05,0,0,0,0,0,0,package://xgoduck_v2/meshes/head_roll.STL,1,1,1,1,0,0,0,0,0,0,package://xgoduck_v2/meshes/head_roll.STL,,2915-13;2915无副舵盘-3;头部固定舵机上盖-1;头下盖-1;头盖-1;下巴-2,坐标系14,基准轴14,head_roll_joint,revolute,0,-0.0179,0.0145,1.5708,0,0,head_yaw,0,0,1,0,0,0,0,,,,,,,,
right_hip_yaw,-1.0689E-10,-0.00010485,0.018887,0,0,0,0.021155,2.9454E-06,1.4593E-14,7.2085E-15,2.6067E-06,1.186E-07,1.8607E-06,0,0,0,0,0,0,package://xgoduck_v2/meshes/right_hip_yaw.STL,1,1,1,1,0,0,0,0,0,0,package://xgoduck_v2/meshes/right_hip_yaw.STL,,yaw连接-2;轴承16_22_4-7;2915-10;yaw_x盖板-2,坐标系6,基准轴6,right_hip_yaw_joint,revolute,0.02,-0.0175,-0.026,3.1416,0,-1.5708,trunk_base,0,0,-1,0,0,0,0,,,,,,,,
right_hip_roll,-1.7347E-18,0.012268,-0.0041364,0,0,0,0.0058747,9.0419E-07,7.3479E-23,-4.1463E-23,6.5566E-07,-2.8727E-07,5.9181E-07,0,0,0,0,0,0,package://xgoduck_v2/meshes/right_hip_roll.STL,1,1,1,1,0,0,0,0,0,0,package://xgoduck_v2/meshes/right_hip_roll.STL,,轴承16_22_4-6;L形-2,坐标系7,基准轴7,right_hip_roll_joint,revolute,0,-0.0145,0.0145,1.5708,1.5708,0,right_hip_yaw,0,0,-1,0,0,0,0,,,,,,,,
right_hip_pitch,0.022799,-0.0061554,0.015683,0,0,0,0.041434,5.3588E-06,-2.637E-07,-7.9553E-08,6.4838E-06,3.5277E-07,7.625E-06,0,0,0,0,0,0,package://xgoduck_v2/meshes/right_hip_pitch.STL,1,1,1,1,0,0,0,0,0,0,package://xgoduck_v2/meshes/right_hip_pitch.STL,,轴承16_22_4-5;2915-8;大腿支撑-2;2915-9;大腿盖板-1,坐标系8,基准轴8,right_hip_pitch_joint,revolute,0,0.0225,-0.0165,1.5708,1.0191,-3.1416,right_hip_roll,0,0,-1,0,0,0,0,,,,,,,,
right_knee,0.030928,9.541E-18,-0.0067903,0,0,0,0.020421,1.4159E-06,1.9082E-22,-3.3287E-08,3.2386E-06,-2.8564E-23,3.1061E-06,0,0,0,0,0,0,package://xgoduck_v2/meshes/right_knee.STL,1,1,1,1,0,0,0,0,0,0,package://xgoduck_v2/meshes/right_knee.STL,,轴承10_15_3-2;2915无副舵盘-2;小腿-2,坐标系9,基准轴9,right_knee_joint,revolute,0.041977,0,0,3.1416,0,1.0191,right_hip_pitch,0,0,-1,0,0,0,0,,,,,,,,
right_ankle,0.01477,0.007592,-0.01564,0,0,0,0.02929,1.1507E-05,1.8436E-08,-2.8828E-07,4.9901E-06,-2.9452E-08,8.226E-06,0,0,0,0,0,0,package://xgoduck_v2/meshes/right_ankle.STL,1,1,1,1,0,0,0,0,0,0,package://xgoduck_v2/meshes/right_ankle.STL,,foot_right-1,坐标系10,基准轴10,right_ankle_joint,revolute,0.042,0,-0.024,-3.1416,0,0,right_knee,0,0,1,0,0,0,0,,,,,,,,
